iteration,d_loss,g_loss,stiffness_k,damping_d
1,0.030481289914314404,0.0020776987075805664,0.4767318768258419,0.039241897584845295
2,0.20723582689359318,0.008191943168640137,0.6411571876798995,0.012634629176544633
